model,forecast_from,id,horizon,date_horizon,quantile,value
Time series ensemble,2021-11-06,BE,1,2021-11-13,0.01,668
Time series ensemble,2021-11-06,BE,1,2021-11-13,0.025,752
Time series ensemble,2021-11-06,BE,1,2021-11-13,0.05,807
Time series ensemble,2021-11-06,BE,1,2021-11-13,0.1,888
Time series ensemble,2021-11-06,BE,1,2021-11-13,0.15,936
Time series ensemble,2021-11-06,BE,1,2021-11-13,0.2,968
Time series ensemble,2021-11-06,BE,1,2021-11-13,0.25,993
Time series ensemble,2021-11-06,BE,1,2021-11-13,0.3,1018
Time series ensemble,2021-11-06,BE,1,2021-11-13,0.35,1038
Time series ensemble,2021-11-06,BE,1,2021-11-13,0.4,1069
Time series ensemble,2021-11-06,BE,1,2021-11-13,0.45,1098
Time series ensemble,2021-11-06,BE,1,2021-11-13,0.5,1121
Time series ensemble,2021-11-06,BE,1,2021-11-13,0.55,1159
Time series ensemble,2021-11-06,BE,1,2021-11-13,0.6,1181
Time series ensemble,2021-11-06,BE,1,2021-11-13,0.65,1211
Time series ensemble,2021-11-06,BE,1,2021-11-13,0.7,1242
Time series ensemble,2021-11-06,BE,1,2021-11-13,0.75,1269
Time series ensemble,2021-11-06,BE,1,2021-11-13,0.8,1299
Time series ensemble,2021-11-06,BE,1,2021-11-13,0.85,1334
Time series ensemble,2021-11-06,BE,1,2021-11-13,0.9,1382
Time series ensemble,2021-11-06,BE,1,2021-11-13,0.95,1453
Time series ensemble,2021-11-06,BE,1,2021-11-13,0.975,1524
Time series ensemble,2021-11-06,BE,1,2021-11-13,0.99,1608
Time series ensemble,2021-11-06,BE,2,2021-11-20,0.01,460
Time series ensemble,2021-11-06,BE,2,2021-11-20,0.025,600
Time series ensemble,2021-11-06,BE,2,2021-11-20,0.05,685
Time series ensemble,2021-11-06,BE,2,2021-11-20,0.1,805
Time series ensemble,2021-11-06,BE,2,2021-11-20,0.15,882
Time series ensemble,2021-11-06,BE,2,2021-11-20,0.2,971
Time series ensemble,2021-11-06,BE,2,2021-11-20,0.25,1039
Time series ensemble,2021-11-06,BE,2,2021-11-20,0.3,1082
Time series ensemble,2021-11-06,BE,2,2021-11-20,0.35,1135
Time series ensemble,2021-11-06,BE,2,2021-11-20,0.4,1170
Time series ensemble,2021-11-06,BE,2,2021-11-20,0.45,1210
Time series ensemble,2021-11-06,BE,2,2021-11-20,0.5,1247
Time series ensemble,2021-11-06,BE,2,2021-11-20,0.55,1291
Time series ensemble,2021-11-06,BE,2,2021-11-20,0.6,1343
Time series ensemble,2021-11-06,BE,2,2021-11-20,0.65,1384
Time series ensemble,2021-11-06,BE,2,2021-11-20,0.7,1429
Time series ensemble,2021-11-06,BE,2,2021-11-20,0.75,1470
Time series ensemble,2021-11-06,BE,2,2021-11-20,0.8,1518
Time series ensemble,2021-11-06,BE,2,2021-11-20,0.85,1576
Time series ensemble,2021-11-06,BE,2,2021-11-20,0.9,1654
Time series ensemble,2021-11-06,BE,2,2021-11-20,0.95,1782
Time series ensemble,2021-11-06,BE,2,2021-11-20,0.975,1858
Time series ensemble,2021-11-06,BE,2,2021-11-20,0.99,1991
Time series ensemble,2021-11-06,BE,3,2021-11-27,0.01,400
Time series ensemble,2021-11-06,BE,3,2021-11-27,0.025,466
Time series ensemble,2021-11-06,BE,3,2021-11-27,0.05,650
Time series ensemble,2021-11-06,BE,3,2021-11-27,0.1,806
Time series ensemble,2021-11-06,BE,3,2021-11-27,0.15,892
Time series ensemble,2021-11-06,BE,3,2021-11-27,0.2,975
Time series ensemble,2021-11-06,BE,3,2021-11-27,0.25,1032
Time series ensemble,2021-11-06,BE,3,2021-11-27,0.3,1092
Time series ensemble,2021-11-06,BE,3,2021-11-27,0.35,1142
Time series ensemble,2021-11-06,BE,3,2021-11-27,0.4,1194
Time series ensemble,2021-11-06,BE,3,2021-11-27,0.45,1264
Time series ensemble,2021-11-06,BE,3,2021-11-27,0.5,1319
Time series ensemble,2021-11-06,BE,3,2021-11-27,0.55,1383
Time series ensemble,2021-11-06,BE,3,2021-11-27,0.6,1442
Time series ensemble,2021-11-06,BE,3,2021-11-27,0.65,1494
Time series ensemble,2021-11-06,BE,3,2021-11-27,0.7,1557
Time series ensemble,2021-11-06,BE,3,2021-11-27,0.75,1619
Time series ensemble,2021-11-06,BE,3,2021-11-27,0.8,1687
Time series ensemble,2021-11-06,BE,3,2021-11-27,0.85,1760
Time series ensemble,2021-11-06,BE,3,2021-11-27,0.9,1858
Time series ensemble,2021-11-06,BE,3,2021-11-27,0.95,2053
Time series ensemble,2021-11-06,BE,3,2021-11-27,0.975,2134
Time series ensemble,2021-11-06,BE,3,2021-11-27,0.99,2231
Time series ensemble,2021-11-06,BE,4,2021-12-04,0.01,172
Time series ensemble,2021-11-06,BE,4,2021-12-04,0.025,366
Time series ensemble,2021-11-06,BE,4,2021-12-04,0.05,505
Time series ensemble,2021-11-06,BE,4,2021-12-04,0.1,718
Time series ensemble,2021-11-06,BE,4,2021-12-04,0.15,893
Time series ensemble,2021-11-06,BE,4,2021-12-04,0.2,991
Time series ensemble,2021-11-06,BE,4,2021-12-04,0.25,1072
Time series ensemble,2021-11-06,BE,4,2021-12-04,0.3,1160
Time series ensemble,2021-11-06,BE,4,2021-12-04,0.35,1247
Time series ensemble,2021-11-06,BE,4,2021-12-04,0.4,1313
Time series ensemble,2021-11-06,BE,4,2021-12-04,0.45,1373
Time series ensemble,2021-11-06,BE,4,2021-12-04,0.5,1438
Time series ensemble,2021-11-06,BE,4,2021-12-04,0.55,1503
Time series ensemble,2021-11-06,BE,4,2021-12-04,0.6,1585
Time series ensemble,2021-11-06,BE,4,2021-12-04,0.65,1663
Time series ensemble,2021-11-06,BE,4,2021-12-04,0.7,1747
Time series ensemble,2021-11-06,BE,4,2021-12-04,0.75,1809
Time series ensemble,2021-11-06,BE,4,2021-12-04,0.8,1890
Time series ensemble,2021-11-06,BE,4,2021-12-04,0.85,1975
Time series ensemble,2021-11-06,BE,4,2021-12-04,0.9,2116
Time series ensemble,2021-11-06,BE,4,2021-12-04,0.95,2320
Time series ensemble,2021-11-06,BE,4,2021-12-04,0.975,2502
Time series ensemble,2021-11-06,BE,4,2021-12-04,0.99,2725
Time series ensemble,2021-11-06,CH,1,2021-11-13,0.01,2
Time series ensemble,2021-11-06,CH,1,2021-11-13,0.025,4
Time series ensemble,2021-11-06,CH,1,2021-11-13,0.05,6
Time series ensemble,2021-11-06,CH,1,2021-11-13,0.1,8
Time series ensemble,2021-11-06,CH,1,2021-11-13,0.15,10
Time series ensemble,2021-11-06,CH,1,2021-11-13,0.2,11
Time series ensemble,2021-11-06,CH,1,2021-11-13,0.25,12
Time series ensemble,2021-11-06,CH,1,2021-11-13,0.3,13
Time series ensemble,2021-11-06,CH,1,2021-11-13,0.35,13
Time series ensemble,2021-11-06,CH,1,2021-11-13,0.4,14
Time series ensemble,2021-11-06,CH,1,2021-11-13,0.45,15
Time series ensemble,2021-11-06,CH,1,2021-11-13,0.5,15
Time series ensemble,2021-11-06,CH,1,2021-11-13,0.55,16
Time series ensemble,2021-11-06,CH,1,2021-11-13,0.6,17
Time series ensemble,2021-11-06,CH,1,2021-11-13,0.65,17
Time series ensemble,2021-11-06,CH,1,2021-11-13,0.7,18
Time series ensemble,2021-11-06,CH,1,2021-11-13,0.75,19
Time series ensemble,2021-11-06,CH,1,2021-11-13,0.8,20
Time series ensemble,2021-11-06,CH,1,2021-11-13,0.85,21
Time series ensemble,2021-11-06,CH,1,2021-11-13,0.9,22
Time series ensemble,2021-11-06,CH,1,2021-11-13,0.95,25
Time series ensemble,2021-11-06,CH,1,2021-11-13,0.975,26
Time series ensemble,2021-11-06,CH,1,2021-11-13,0.99,27
Time series ensemble,2021-11-06,CH,2,2021-11-20,0.01,0
Time series ensemble,2021-11-06,CH,2,2021-11-20,0.025,1
Time series ensemble,2021-11-06,CH,2,2021-11-20,0.05,3
Time series ensemble,2021-11-06,CH,2,2021-11-20,0.1,6
Time series ensemble,2021-11-06,CH,2,2021-11-20,0.15,7
Time series ensemble,2021-11-06,CH,2,2021-11-20,0.2,8
Time series ensemble,2021-11-06,CH,2,2021-11-20,0.25,10
Time series ensemble,2021-11-06,CH,2,2021-11-20,0.3,11
Time series ensemble,2021-11-06,CH,2,2021-11-20,0.35,12
Time series ensemble,2021-11-06,CH,2,2021-11-20,0.4,13
Time series ensemble,2021-11-06,CH,2,2021-11-20,0.45,14
Time series ensemble,2021-11-06,CH,2,2021-11-20,0.5,14
Time series ensemble,2021-11-06,CH,2,2021-11-20,0.55,15
Time series ensemble,2021-11-06,CH,2,2021-11-20,0.6,17
Time series ensemble,2021-11-06,CH,2,2021-11-20,0.65,18
Time series ensemble,2021-11-06,CH,2,2021-11-20,0.7,19
Time series ensemble,2021-11-06,CH,2,2021-11-20,0.75,20
Time series ensemble,2021-11-06,CH,2,2021-11-20,0.8,21
Time series ensemble,2021-11-06,CH,2,2021-11-20,0.85,23
Time series ensemble,2021-11-06,CH,2,2021-11-20,0.9,24
Time series ensemble,2021-11-06,CH,2,2021-11-20,0.95,27
Time series ensemble,2021-11-06,CH,2,2021-11-20,0.975,30
Time series ensemble,2021-11-06,CH,2,2021-11-20,0.99,31
Time series ensemble,2021-11-06,CH,3,2021-11-27,0.01,0
Time series ensemble,2021-11-06,CH,3,2021-11-27,0.025,0
Time series ensemble,2021-11-06,CH,3,2021-11-27,0.05,0
Time series ensemble,2021-11-06,CH,3,2021-11-27,0.1,3
Time series ensemble,2021-11-06,CH,3,2021-11-27,0.15,5
Time series ensemble,2021-11-06,CH,3,2021-11-27,0.2,7
Time series ensemble,2021-11-06,CH,3,2021-11-27,0.25,9
Time series ensemble,2021-11-06,CH,3,2021-11-27,0.3,10
Time series ensemble,2021-11-06,CH,3,2021-11-27,0.35,12
Time series ensemble,2021-11-06,CH,3,2021-11-27,0.4,13
Time series ensemble,2021-11-06,CH,3,2021-11-27,0.45,14
Time series ensemble,2021-11-06,CH,3,2021-11-27,0.5,15
Time series ensemble,2021-11-06,CH,3,2021-11-27,0.55,16
Time series ensemble,2021-11-06,CH,3,2021-11-27,0.6,17
Time series ensemble,2021-11-06,CH,3,2021-11-27,0.65,18
Time series ensemble,2021-11-06,CH,3,2021-11-27,0.7,19
Time series ensemble,2021-11-06,CH,3,2021-11-27,0.75,21
Time series ensemble,2021-11-06,CH,3,2021-11-27,0.8,22
Time series ensemble,2021-11-06,CH,3,2021-11-27,0.85,24
Time series ensemble,2021-11-06,CH,3,2021-11-27,0.9,26
Time series ensemble,2021-11-06,CH,3,2021-11-27,0.95,29
Time series ensemble,2021-11-06,CH,3,2021-11-27,0.975,32
Time series ensemble,2021-11-06,CH,3,2021-11-27,0.99,35
Time series ensemble,2021-11-06,CH,4,2021-12-04,0.01,0
Time series ensemble,2021-11-06,CH,4,2021-12-04,0.025,0
Time series ensemble,2021-11-06,CH,4,2021-12-04,0.05,0
Time series ensemble,2021-11-06,CH,4,2021-12-04,0.1,1
Time series ensemble,2021-11-06,CH,4,2021-12-04,0.15,4
Time series ensemble,2021-11-06,CH,4,2021-12-04,0.2,6
Time series ensemble,2021-11-06,CH,4,2021-12-04,0.25,8
Time series ensemble,2021-11-06,CH,4,2021-12-04,0.3,9
Time series ensemble,2021-11-06,CH,4,2021-12-04,0.35,11
Time series ensemble,2021-11-06,CH,4,2021-12-04,0.4,12
Time series ensemble,2021-11-06,CH,4,2021-12-04,0.45,14
Time series ensemble,2021-11-06,CH,4,2021-12-04,0.5,15
Time series ensemble,2021-11-06,CH,4,2021-12-04,0.55,16
Time series ensemble,2021-11-06,CH,4,2021-12-04,0.6,18
Time series ensemble,2021-11-06,CH,4,2021-12-04,0.65,19
Time series ensemble,2021-11-06,CH,4,2021-12-04,0.7,20
Time series ensemble,2021-11-06,CH,4,2021-12-04,0.75,22
Time series ensemble,2021-11-06,CH,4,2021-12-04,0.8,24
Time series ensemble,2021-11-06,CH,4,2021-12-04,0.85,26
Time series ensemble,2021-11-06,CH,4,2021-12-04,0.9,28
Time series ensemble,2021-11-06,CH,4,2021-12-04,0.95,32
Time series ensemble,2021-11-06,CH,4,2021-12-04,0.975,35
Time series ensemble,2021-11-06,CH,4,2021-12-04,0.99,38
Time series ensemble,2021-11-06,DK,1,2021-11-13,0.01,75
Time series ensemble,2021-11-06,DK,1,2021-11-13,0.025,91
Time series ensemble,2021-11-06,DK,1,2021-11-13,0.05,109
Time series ensemble,2021-11-06,DK,1,2021-11-13,0.1,136
Time series ensemble,2021-11-06,DK,1,2021-11-13,0.15,150
Time series ensemble,2021-11-06,DK,1,2021-11-13,0.2,160
Time series ensemble,2021-11-06,DK,1,2021-11-13,0.25,171
Time series ensemble,2021-11-06,DK,1,2021-11-13,0.3,179
Time series ensemble,2021-11-06,DK,1,2021-11-13,0.35,190
Time series ensemble,2021-11-06,DK,1,2021-11-13,0.4,201
Time series ensemble,2021-11-06,DK,1,2021-11-13,0.45,208
Time series ensemble,2021-11-06,DK,1,2021-11-13,0.5,216
Time series ensemble,2021-11-06,DK,1,2021-11-13,0.55,222
Time series ensemble,2021-11-06,DK,1,2021-11-13,0.6,232
Time series ensemble,2021-11-06,DK,1,2021-11-13,0.65,243
Time series ensemble,2021-11-06,DK,1,2021-11-13,0.7,252
Time series ensemble,2021-11-06,DK,1,2021-11-13,0.75,263
Time series ensemble,2021-11-06,DK,1,2021-11-13,0.8,272
Time series ensemble,2021-11-06,DK,1,2021-11-13,0.85,288
Time series ensemble,2021-11-06,DK,1,2021-11-13,0.9,302
Time series ensemble,2021-11-06,DK,1,2021-11-13,0.95,326
Time series ensemble,2021-11-06,DK,1,2021-11-13,0.975,348
Time series ensemble,2021-11-06,DK,1,2021-11-13,0.99,370
Time series ensemble,2021-11-06,DK,2,2021-11-20,0.01,8
Time series ensemble,2021-11-06,DK,2,2021-11-20,0.025,36
Time series ensemble,2021-11-06,DK,2,2021-11-20,0.05,67
Time series ensemble,2021-11-06,DK,2,2021-11-20,0.1,92
Time series ensemble,2021-11-06,DK,2,2021-11-20,0.15,119
Time series ensemble,2021-11-06,DK,2,2021-11-20,0.2,139
Time series ensemble,2021-11-06,DK,2,2021-11-20,0.25,160
Time series ensemble,2021-11-06,DK,2,2021-11-20,0.3,172
Time series ensemble,2021-11-06,DK,2,2021-11-20,0.35,181
Time series ensemble,2021-11-06,DK,2,2021-11-20,0.4,189
Time series ensemble,2021-11-06,DK,2,2021-11-20,0.45,203
Time series ensemble,2021-11-06,DK,2,2021-11-20,0.5,214
Time series ensemble,2021-11-06,DK,2,2021-11-20,0.55,225
Time series ensemble,2021-11-06,DK,2,2021-11-20,0.6,237
Time series ensemble,2021-11-06,DK,2,2021-11-20,0.65,253
Time series ensemble,2021-11-06,DK,2,2021-11-20,0.7,264
Time series ensemble,2021-11-06,DK,2,2021-11-20,0.75,278
Time series ensemble,2021-11-06,DK,2,2021-11-20,0.8,294
Time series ensemble,2021-11-06,DK,2,2021-11-20,0.85,309
Time series ensemble,2021-11-06,DK,2,2021-11-20,0.9,331
Time series ensemble,2021-11-06,DK,2,2021-11-20,0.95,363
Time series ensemble,2021-11-06,DK,2,2021-11-20,0.975,392
Time series ensemble,2021-11-06,DK,2,2021-11-20,0.99,420
Time series ensemble,2021-11-06,DK,3,2021-11-27,0.01,0
Time series ensemble,2021-11-06,DK,3,2021-11-27,0.025,1
Time series ensemble,2021-11-06,DK,3,2021-11-27,0.05,28
Time series ensemble,2021-11-06,DK,3,2021-11-27,0.1,75
Time series ensemble,2021-11-06,DK,3,2021-11-27,0.15,97
Time series ensemble,2021-11-06,DK,3,2021-11-27,0.2,117
Time series ensemble,2021-11-06,DK,3,2021-11-27,0.25,136
Time series ensemble,2021-11-06,DK,3,2021-11-27,0.3,153
Time series ensemble,2021-11-06,DK,3,2021-11-27,0.35,169
Time series ensemble,2021-11-06,DK,3,2021-11-27,0.4,184
Time series ensemble,2021-11-06,DK,3,2021-11-27,0.45,197
Time series ensemble,2021-11-06,DK,3,2021-11-27,0.5,212
Time series ensemble,2021-11-06,DK,3,2021-11-27,0.55,226
Time series ensemble,2021-11-06,DK,3,2021-11-27,0.6,240
Time series ensemble,2021-11-06,DK,3,2021-11-27,0.65,254
Time series ensemble,2021-11-06,DK,3,2021-11-27,0.7,269
Time series ensemble,2021-11-06,DK,3,2021-11-27,0.75,287
Time series ensemble,2021-11-06,DK,3,2021-11-27,0.8,305
Time series ensemble,2021-11-06,DK,3,2021-11-27,0.85,324
Time series ensemble,2021-11-06,DK,3,2021-11-27,0.9,353
Time series ensemble,2021-11-06,DK,3,2021-11-27,0.95,389
Time series ensemble,2021-11-06,DK,3,2021-11-27,0.975,415
Time series ensemble,2021-11-06,DK,3,2021-11-27,0.99,450
Time series ensemble,2021-11-06,DK,4,2021-12-04,0.01,0
Time series ensemble,2021-11-06,DK,4,2021-12-04,0.025,0
Time series ensemble,2021-11-06,DK,4,2021-12-04,0.05,11
Time series ensemble,2021-11-06,DK,4,2021-12-04,0.1,65
Time series ensemble,2021-11-06,DK,4,2021-12-04,0.15,89
Time series ensemble,2021-11-06,DK,4,2021-12-04,0.2,111
Time series ensemble,2021-11-06,DK,4,2021-12-04,0.25,129
Time series ensemble,2021-11-06,DK,4,2021-12-04,0.3,154
Time series ensemble,2021-11-06,DK,4,2021-12-04,0.35,172
Time series ensemble,2021-11-06,DK,4,2021-12-04,0.4,186
Time series ensemble,2021-11-06,DK,4,2021-12-04,0.45,204
Time series ensemble,2021-11-06,DK,4,2021-12-04,0.5,217
Time series ensemble,2021-11-06,DK,4,2021-12-04,0.55,230
Time series ensemble,2021-11-06,DK,4,2021-12-04,0.6,247
Time series ensemble,2021-11-06,DK,4,2021-12-04,0.65,268
Time series ensemble,2021-11-06,DK,4,2021-12-04,0.7,284
Time series ensemble,2021-11-06,DK,4,2021-12-04,0.75,303
Time series ensemble,2021-11-06,DK,4,2021-12-04,0.8,324
Time series ensemble,2021-11-06,DK,4,2021-12-04,0.85,350
Time series ensemble,2021-11-06,DK,4,2021-12-04,0.9,376
Time series ensemble,2021-11-06,DK,4,2021-12-04,0.95,426
Time series ensemble,2021-11-06,DK,4,2021-12-04,0.975,458
Time series ensemble,2021-11-06,DK,4,2021-12-04,0.99,489
Time series ensemble,2021-11-06,EE,1,2021-11-13,0.01,278
Time series ensemble,2021-11-06,EE,1,2021-11-13,0.025,317
Time series ensemble,2021-11-06,EE,1,2021-11-13,0.05,344
Time series ensemble,2021-11-06,EE,1,2021-11-13,0.1,367
Time series ensemble,2021-11-06,EE,1,2021-11-13,0.15,385
Time series ensemble,2021-11-06,EE,1,2021-11-13,0.2,401
Time series ensemble,2021-11-06,EE,1,2021-11-13,0.25,416
Time series ensemble,2021-11-06,EE,1,2021-11-13,0.3,433
Time series ensemble,2021-11-06,EE,1,2021-11-13,0.35,445
Time series ensemble,2021-11-06,EE,1,2021-11-13,0.4,458
Time series ensemble,2021-11-06,EE,1,2021-11-13,0.45,468
Time series ensemble,2021-11-06,EE,1,2021-11-13,0.5,477
Time series ensemble,2021-11-06,EE,1,2021-11-13,0.55,486
Time series ensemble,2021-11-06,EE,1,2021-11-13,0.6,496
Time series ensemble,2021-11-06,EE,1,2021-11-13,0.65,508
Time series ensemble,2021-11-06,EE,1,2021-11-13,0.7,519
Time series ensemble,2021-11-06,EE,1,2021-11-13,0.75,532
Time series ensemble,2021-11-06,EE,1,2021-11-13,0.8,543
Time series ensemble,2021-11-06,EE,1,2021-11-13,0.85,556
Time series ensemble,2021-11-06,EE,1,2021-11-13,0.9,574
Time series ensemble,2021-11-06,EE,1,2021-11-13,0.95,603
Time series ensemble,2021-11-06,EE,1,2021-11-13,0.975,624
Time series ensemble,2021-11-06,EE,1,2021-11-13,0.99,679
Time series ensemble,2021-11-06,EE,2,2021-11-20,0.01,219
Time series ensemble,2021-11-06,EE,2,2021-11-20,0.025,255
Time series ensemble,2021-11-06,EE,2,2021-11-20,0.05,296
Time series ensemble,2021-11-06,EE,2,2021-11-20,0.1,334
Time series ensemble,2021-11-06,EE,2,2021-11-20,0.15,366
Time series ensemble,2021-11-06,EE,2,2021-11-20,0.2,386
Time series ensemble,2021-11-06,EE,2,2021-11-20,0.25,405
Time series ensemble,2021-11-06,EE,2,2021-11-20,0.3,422
Time series ensemble,2021-11-06,EE,2,2021-11-20,0.35,437
Time series ensemble,2021-11-06,EE,2,2021-11-20,0.4,450
Time series ensemble,2021-11-06,EE,2,2021-11-20,0.45,466
Time series ensemble,2021-11-06,EE,2,2021-11-20,0.5,480
Time series ensemble,2021-11-06,EE,2,2021-11-20,0.55,496
Time series ensemble,2021-11-06,EE,2,2021-11-20,0.6,513
Time series ensemble,2021-11-06,EE,2,2021-11-20,0.65,529
Time series ensemble,2021-11-06,EE,2,2021-11-20,0.7,545
Time series ensemble,2021-11-06,EE,2,2021-11-20,0.75,564
Time series ensemble,2021-11-06,EE,2,2021-11-20,0.8,587
Time series ensemble,2021-11-06,EE,2,2021-11-20,0.85,604
Time series ensemble,2021-11-06,EE,2,2021-11-20,0.9,631
Time series ensemble,2021-11-06,EE,2,2021-11-20,0.95,673
Time series ensemble,2021-11-06,EE,2,2021-11-20,0.975,695
Time series ensemble,2021-11-06,EE,2,2021-11-20,0.99,727
Time series ensemble,2021-11-06,EE,3,2021-11-27,0.01,189
Time series ensemble,2021-11-06,EE,3,2021-11-27,0.025,243
Time series ensemble,2021-11-06,EE,3,2021-11-27,0.05,282
Time series ensemble,2021-11-06,EE,3,2021-11-27,0.1,325
Time series ensemble,2021-11-06,EE,3,2021-11-27,0.15,360
Time series ensemble,2021-11-06,EE,3,2021-11-27,0.2,392
Time series ensemble,2021-11-06,EE,3,2021-11-27,0.25,416
Time series ensemble,2021-11-06,EE,3,2021-11-27,0.3,440
Time series ensemble,2021-11-06,EE,3,2021-11-27,0.35,456
Time series ensemble,2021-11-06,EE,3,2021-11-27,0.4,475
Time series ensemble,2021-11-06,EE,3,2021-11-27,0.45,491
Time series ensemble,2021-11-06,EE,3,2021-11-27,0.5,507
Time series ensemble,2021-11-06,EE,3,2021-11-27,0.55,525
Time series ensemble,2021-11-06,EE,3,2021-11-27,0.6,542
Time series ensemble,2021-11-06,EE,3,2021-11-27,0.65,558
Time series ensemble,2021-11-06,EE,3,2021-11-27,0.7,577
Time series ensemble,2021-11-06,EE,3,2021-11-27,0.75,597
Time series ensemble,2021-11-06,EE,3,2021-11-27,0.8,621
Time series ensemble,2021-11-06,EE,3,2021-11-27,0.85,647
Time series ensemble,2021-11-06,EE,3,2021-11-27,0.9,675
Time series ensemble,2021-11-06,EE,3,2021-11-27,0.95,733
Time series ensemble,2021-11-06,EE,3,2021-11-27,0.975,762
Time series ensemble,2021-11-06,EE,3,2021-11-27,0.99,816
Time series ensemble,2021-11-06,EE,4,2021-12-04,0.01,140
Time series ensemble,2021-11-06,EE,4,2021-12-04,0.025,211
Time series ensemble,2021-11-06,EE,4,2021-12-04,0.05,268
Time series ensemble,2021-11-06,EE,4,2021-12-04,0.1,329
Time series ensemble,2021-11-06,EE,4,2021-12-04,0.15,358
Time series ensemble,2021-11-06,EE,4,2021-12-04,0.2,389
Time series ensemble,2021-11-06,EE,4,2021-12-04,0.25,422
Time series ensemble,2021-11-06,EE,4,2021-12-04,0.3,441
Time series ensemble,2021-11-06,EE,4,2021-12-04,0.35,468
Time series ensemble,2021-11-06,EE,4,2021-12-04,0.4,486
Time series ensemble,2021-11-06,EE,4,2021-12-04,0.45,508
Time series ensemble,2021-11-06,EE,4,2021-12-04,0.5,528
Time series ensemble,2021-11-06,EE,4,2021-12-04,0.55,546
Time series ensemble,2021-11-06,EE,4,2021-12-04,0.6,564
Time series ensemble,2021-11-06,EE,4,2021-12-04,0.65,588
Time series ensemble,2021-11-06,EE,4,2021-12-04,0.7,609
Time series ensemble,2021-11-06,EE,4,2021-12-04,0.75,633
Time series ensemble,2021-11-06,EE,4,2021-12-04,0.8,662
Time series ensemble,2021-11-06,EE,4,2021-12-04,0.85,696
Time series ensemble,2021-11-06,EE,4,2021-12-04,0.9,740
Time series ensemble,2021-11-06,EE,4,2021-12-04,0.95,817
Time series ensemble,2021-11-06,EE,4,2021-12-04,0.975,854
Time series ensemble,2021-11-06,EE,4,2021-12-04,0.99,915
Time series ensemble,2021-11-06,FR,1,2021-11-13,0.01,877
Time series ensemble,2021-11-06,FR,1,2021-11-13,0.025,1037
Time series ensemble,2021-11-06,FR,1,2021-11-13,0.05,1117
Time series ensemble,2021-11-06,FR,1,2021-11-13,0.1,1223
Time series ensemble,2021-11-06,FR,1,2021-11-13,0.15,1306
Time series ensemble,2021-11-06,FR,1,2021-11-13,0.2,1389
Time series ensemble,2021-11-06,FR,1,2021-11-13,0.25,1446
Time series ensemble,2021-11-06,FR,1,2021-11-13,0.3,1510
Time series ensemble,2021-11-06,FR,1,2021-11-13,0.35,1562
Time series ensemble,2021-11-06,FR,1,2021-11-13,0.4,1603
Time series ensemble,2021-11-06,FR,1,2021-11-13,0.45,1657
Time series ensemble,2021-11-06,FR,1,2021-11-13,0.5,1709
Time series ensemble,2021-11-06,FR,1,2021-11-13,0.55,1762
Time series ensemble,2021-11-06,FR,1,2021-11-13,0.6,1805
Time series ensemble,2021-11-06,FR,1,2021-11-13,0.65,1860
Time series ensemble,2021-11-06,FR,1,2021-11-13,0.7,1907
Time series ensemble,2021-11-06,FR,1,2021-11-13,0.75,1970
Time series ensemble,2021-11-06,FR,1,2021-11-13,0.8,2019
Time series ensemble,2021-11-06,FR,1,2021-11-13,0.85,2099
Time series ensemble,2021-11-06,FR,1,2021-11-13,0.9,2180
Time series ensemble,2021-11-06,FR,1,2021-11-13,0.95,2316
Time series ensemble,2021-11-06,FR,1,2021-11-13,0.975,2417
Time series ensemble,2021-11-06,FR,1,2021-11-13,0.99,2552
Time series ensemble,2021-11-06,FR,2,2021-11-20,0.01,449
Time series ensemble,2021-11-06,FR,2,2021-11-20,0.025,652
Time series ensemble,2021-11-06,FR,2,2021-11-20,0.05,814
Time series ensemble,2021-11-06,FR,2,2021-11-20,0.1,998
Time series ensemble,2021-11-06,FR,2,2021-11-20,0.15,1161
Time series ensemble,2021-11-06,FR,2,2021-11-20,0.2,1269
Time series ensemble,2021-11-06,FR,2,2021-11-20,0.25,1372
Time series ensemble,2021-11-06,FR,2,2021-11-20,0.3,1458
Time series ensemble,2021-11-06,FR,2,2021-11-20,0.35,1526
Time series ensemble,2021-11-06,FR,2,2021-11-20,0.4,1622
Time series ensemble,2021-11-06,FR,2,2021-11-20,0.45,1715
Time series ensemble,2021-11-06,FR,2,2021-11-20,0.5,1792
Time series ensemble,2021-11-06,FR,2,2021-11-20,0.55,1873
Time series ensemble,2021-11-06,FR,2,2021-11-20,0.6,1942
Time series ensemble,2021-11-06,FR,2,2021-11-20,0.65,2011
Time series ensemble,2021-11-06,FR,2,2021-11-20,0.7,2089
Time series ensemble,2021-11-06,FR,2,2021-11-20,0.75,2192
Time series ensemble,2021-11-06,FR,2,2021-11-20,0.8,2254
Time series ensemble,2021-11-06,FR,2,2021-11-20,0.85,2380
Time series ensemble,2021-11-06,FR,2,2021-11-20,0.9,2510
Time series ensemble,2021-11-06,FR,2,2021-11-20,0.95,2692
Time series ensemble,2021-11-06,FR,2,2021-11-20,0.975,2801
Time series ensemble,2021-11-06,FR,2,2021-11-20,0.99,3021
Time series ensemble,2021-11-06,FR,3,2021-11-27,0.01,0
Time series ensemble,2021-11-06,FR,3,2021-11-27,0.025,54
Time series ensemble,2021-11-06,FR,3,2021-11-27,0.05,314
Time series ensemble,2021-11-06,FR,3,2021-11-27,0.1,688
Time series ensemble,2021-11-06,FR,3,2021-11-27,0.15,951
Time series ensemble,2021-11-06,FR,3,2021-11-27,0.2,1101
Time series ensemble,2021-11-06,FR,3,2021-11-27,0.25,1233
Time series ensemble,2021-11-06,FR,3,2021-11-27,0.3,1372
Time series ensemble,2021-11-06,FR,3,2021-11-27,0.35,1462
Time series ensemble,2021-11-06,FR,3,2021-11-27,0.4,1581
Time series ensemble,2021-11-06,FR,3,2021-11-27,0.45,1683
Time series ensemble,2021-11-06,FR,3,2021-11-27,0.5,1780
Time series ensemble,2021-11-06,FR,3,2021-11-27,0.55,1854
Time series ensemble,2021-11-06,FR,3,2021-11-27,0.6,1959
Time series ensemble,2021-11-06,FR,3,2021-11-27,0.65,2052
Time series ensemble,2021-11-06,FR,3,2021-11-27,0.7,2181
Time series ensemble,2021-11-06,FR,3,2021-11-27,0.75,2288
Time series ensemble,2021-11-06,FR,3,2021-11-27,0.8,2429
Time series ensemble,2021-11-06,FR,3,2021-11-27,0.85,2599
Time series ensemble,2021-11-06,FR,3,2021-11-27,0.9,2804
Time series ensemble,2021-11-06,FR,3,2021-11-27,0.95,3120
Time series ensemble,2021-11-06,FR,3,2021-11-27,0.975,3347
Time series ensemble,2021-11-06,FR,3,2021-11-27,0.99,3682
Time series ensemble,2021-11-06,FR,4,2021-12-04,0.01,0
Time series ensemble,2021-11-06,FR,4,2021-12-04,0.025,0
Time series ensemble,2021-11-06,FR,4,2021-12-04,0.05,181
Time series ensemble,2021-11-06,FR,4,2021-12-04,0.1,527
Time series ensemble,2021-11-06,FR,4,2021-12-04,0.15,767
Time series ensemble,2021-11-06,FR,4,2021-12-04,0.2,944
Time series ensemble,2021-11-06,FR,4,2021-12-04,0.25,1117
Time series ensemble,2021-11-06,FR,4,2021-12-04,0.3,1265
Time series ensemble,2021-11-06,FR,4,2021-12-04,0.35,1433
Time series ensemble,2021-11-06,FR,4,2021-12-04,0.4,1572
Time series ensemble,2021-11-06,FR,4,2021-12-04,0.45,1687
Time series ensemble,2021-11-06,FR,4,2021-12-04,0.5,1818
Time series ensemble,2021-11-06,FR,4,2021-12-04,0.55,1949
Time series ensemble,2021-11-06,FR,4,2021-12-04,0.6,2094
Time series ensemble,2021-11-06,FR,4,2021-12-04,0.65,2244
Time series ensemble,2021-11-06,FR,4,2021-12-04,0.7,2400
Time series ensemble,2021-11-06,FR,4,2021-12-04,0.75,2535
Time series ensemble,2021-11-06,FR,4,2021-12-04,0.8,2731
Time series ensemble,2021-11-06,FR,4,2021-12-04,0.85,2949
Time series ensemble,2021-11-06,FR,4,2021-12-04,0.9,3216
Time series ensemble,2021-11-06,FR,4,2021-12-04,0.95,3511
Time series ensemble,2021-11-06,FR,4,2021-12-04,0.975,3928
Time series ensemble,2021-11-06,FR,4,2021-12-04,0.99,4360
Time series ensemble,2021-11-06,GB,1,2021-11-13,0.01,5168
Time series ensemble,2021-11-06,GB,1,2021-11-13,0.025,5415
Time series ensemble,2021-11-06,GB,1,2021-11-13,0.05,5628
Time series ensemble,2021-11-06,GB,1,2021-11-13,0.1,5943
Time series ensemble,2021-11-06,GB,1,2021-11-13,0.15,6127
Time series ensemble,2021-11-06,GB,1,2021-11-13,0.2,6284
Time series ensemble,2021-11-06,GB,1,2021-11-13,0.25,6396
Time series ensemble,2021-11-06,GB,1,2021-11-13,0.3,6524
Time series ensemble,2021-11-06,GB,1,2021-11-13,0.35,6619
Time series ensemble,2021-11-06,GB,1,2021-11-13,0.4,6716
Time series ensemble,2021-11-06,GB,1,2021-11-13,0.45,6828
Time series ensemble,2021-11-06,GB,1,2021-11-13,0.5,6933
Time series ensemble,2021-11-06,GB,1,2021-11-13,0.55,7011
Time series ensemble,2021-11-06,GB,1,2021-11-13,0.6,7114
Time series ensemble,2021-11-06,GB,1,2021-11-13,0.65,7209
Time series ensemble,2021-11-06,GB,1,2021-11-13,0.7,7315
Time series ensemble,2021-11-06,GB,1,2021-11-13,0.75,7450
Time series ensemble,2021-11-06,GB,1,2021-11-13,0.8,7568
Time series ensemble,2021-11-06,GB,1,2021-11-13,0.85,7720
Time series ensemble,2021-11-06,GB,1,2021-11-13,0.9,7917
Time series ensemble,2021-11-06,GB,1,2021-11-13,0.95,8146
Time series ensemble,2021-11-06,GB,1,2021-11-13,0.975,8389
Time series ensemble,2021-11-06,GB,1,2021-11-13,0.99,8759
Time series ensemble,2021-11-06,GB,2,2021-11-20,0.01,4597
Time series ensemble,2021-11-06,GB,2,2021-11-20,0.025,4909
Time series ensemble,2021-11-06,GB,2,2021-11-20,0.05,5269
Time series ensemble,2021-11-06,GB,2,2021-11-20,0.1,5616
Time series ensemble,2021-11-06,GB,2,2021-11-20,0.15,5855
Time series ensemble,2021-11-06,GB,2,2021-11-20,0.2,6056
Time series ensemble,2021-11-06,GB,2,2021-11-20,0.25,6236
Time series ensemble,2021-11-06,GB,2,2021-11-20,0.3,6373
Time series ensemble,2021-11-06,GB,2,2021-11-20,0.35,6511
Time series ensemble,2021-11-06,GB,2,2021-11-20,0.4,6638
Time series ensemble,2021-11-06,GB,2,2021-11-20,0.45,6785
Time series ensemble,2021-11-06,GB,2,2021-11-20,0.5,6898
Time series ensemble,2021-11-06,GB,2,2021-11-20,0.55,7068
Time series ensemble,2021-11-06,GB,2,2021-11-20,0.6,7205
Time series ensemble,2021-11-06,GB,2,2021-11-20,0.65,7320
Time series ensemble,2021-11-06,GB,2,2021-11-20,0.7,7469
Time series ensemble,2021-11-06,GB,2,2021-11-20,0.75,7589
Time series ensemble,2021-11-06,GB,2,2021-11-20,0.8,7741
Time series ensemble,2021-11-06,GB,2,2021-11-20,0.85,7939
Time series ensemble,2021-11-06,GB,2,2021-11-20,0.9,8196
Time series ensemble,2021-11-06,GB,2,2021-11-20,0.95,8568
Time series ensemble,2021-11-06,GB,2,2021-11-20,0.975,8839
Time series ensemble,2021-11-06,GB,2,2021-11-20,0.99,9204
Time series ensemble,2021-11-06,GB,3,2021-11-27,0.01,4257
Time series ensemble,2021-11-06,GB,3,2021-11-27,0.025,4671
Time series ensemble,2021-11-06,GB,3,2021-11-27,0.05,5066
Time series ensemble,2021-11-06,GB,3,2021-11-27,0.1,5486
Time series ensemble,2021-11-06,GB,3,2021-11-27,0.15,5702
Time series ensemble,2021-11-06,GB,3,2021-11-27,0.2,5909
Time series ensemble,2021-11-06,GB,3,2021-11-27,0.25,6116
Time series ensemble,2021-11-06,GB,3,2021-11-27,0.3,6278
Time series ensemble,2021-11-06,GB,3,2021-11-27,0.35,6475
Time series ensemble,2021-11-06,GB,3,2021-11-27,0.4,6637
Time series ensemble,2021-11-06,GB,3,2021-11-27,0.45,6798
Time series ensemble,2021-11-06,GB,3,2021-11-27,0.5,6925
Time series ensemble,2021-11-06,GB,3,2021-11-27,0.55,7092
Time series ensemble,2021-11-06,GB,3,2021-11-27,0.6,7208
Time series ensemble,2021-11-06,GB,3,2021-11-27,0.65,7345
Time series ensemble,2021-11-06,GB,3,2021-11-27,0.7,7501
Time series ensemble,2021-11-06,GB,3,2021-11-27,0.75,7651
Time series ensemble,2021-11-06,GB,3,2021-11-27,0.8,7843
Time series ensemble,2021-11-06,GB,3,2021-11-27,0.85,8039
Time series ensemble,2021-11-06,GB,3,2021-11-27,0.9,8365
Time series ensemble,2021-11-06,GB,3,2021-11-27,0.95,8900
Time series ensemble,2021-11-06,GB,3,2021-11-27,0.975,9326
Time series ensemble,2021-11-06,GB,3,2021-11-27,0.99,9601
Time series ensemble,2021-11-06,GB,4,2021-12-04,0.01,3763
Time series ensemble,2021-11-06,GB,4,2021-12-04,0.025,4421
Time series ensemble,2021-11-06,GB,4,2021-12-04,0.05,4800
Time series ensemble,2021-11-06,GB,4,2021-12-04,0.1,5232
Time series ensemble,2021-11-06,GB,4,2021-12-04,0.15,5556
Time series ensemble,2021-11-06,GB,4,2021-12-04,0.2,5780
Time series ensemble,2021-11-06,GB,4,2021-12-04,0.25,5970
Time series ensemble,2021-11-06,GB,4,2021-12-04,0.3,6176
Time series ensemble,2021-11-06,GB,4,2021-12-04,0.35,6361
Time series ensemble,2021-11-06,GB,4,2021-12-04,0.4,6541
Time series ensemble,2021-11-06,GB,4,2021-12-04,0.45,6694
Time series ensemble,2021-11-06,GB,4,2021-12-04,0.5,6857
Time series ensemble,2021-11-06,GB,4,2021-12-04,0.55,7015
Time series ensemble,2021-11-06,GB,4,2021-12-04,0.6,7166
Time series ensemble,2021-11-06,GB,4,2021-12-04,0.65,7346
Time series ensemble,2021-11-06,GB,4,2021-12-04,0.7,7516
Time series ensemble,2021-11-06,GB,4,2021-12-04,0.75,7716
Time series ensemble,2021-11-06,GB,4,2021-12-04,0.8,7924
Time series ensemble,2021-11-06,GB,4,2021-12-04,0.85,8199
Time series ensemble,2021-11-06,GB,4,2021-12-04,0.9,8607
Time series ensemble,2021-11-06,GB,4,2021-12-04,0.95,9026
Time series ensemble,2021-11-06,GB,4,2021-12-04,0.975,9582
Time series ensemble,2021-11-06,GB,4,2021-12-04,0.99,9908
Time series ensemble,2021-11-06,NO,1,2021-11-13,0.01,51
Time series ensemble,2021-11-06,NO,1,2021-11-13,0.025,57
Time series ensemble,2021-11-06,NO,1,2021-11-13,0.05,63
Time series ensemble,2021-11-06,NO,1,2021-11-13,0.1,68
Time series ensemble,2021-11-06,NO,1,2021-11-13,0.15,72
Time series ensemble,2021-11-06,NO,1,2021-11-13,0.2,76
Time series ensemble,2021-11-06,NO,1,2021-11-13,0.25,80
Time series ensemble,2021-11-06,NO,1,2021-11-13,0.3,83
Time series ensemble,2021-11-06,NO,1,2021-11-13,0.35,85
Time series ensemble,2021-11-06,NO,1,2021-11-13,0.4,87
Time series ensemble,2021-11-06,NO,1,2021-11-13,0.45,90
Time series ensemble,2021-11-06,NO,1,2021-11-13,0.5,92
Time series ensemble,2021-11-06,NO,1,2021-11-13,0.55,95
Time series ensemble,2021-11-06,NO,1,2021-11-13,0.6,98
Time series ensemble,2021-11-06,NO,1,2021-11-13,0.65,101
Time series ensemble,2021-11-06,NO,1,2021-11-13,0.7,103
Time series ensemble,2021-11-06,NO,1,2021-11-13,0.75,106
Time series ensemble,2021-11-06,NO,1,2021-11-13,0.8,110
Time series ensemble,2021-11-06,NO,1,2021-11-13,0.85,113
Time series ensemble,2021-11-06,NO,1,2021-11-13,0.9,119
Time series ensemble,2021-11-06,NO,1,2021-11-13,0.95,126
Time series ensemble,2021-11-06,NO,1,2021-11-13,0.975,134
Time series ensemble,2021-11-06,NO,1,2021-11-13,0.99,139
Time series ensemble,2021-11-06,NO,2,2021-11-20,0.01,38
Time series ensemble,2021-11-06,NO,2,2021-11-20,0.025,46
Time series ensemble,2021-11-06,NO,2,2021-11-20,0.05,52
Time series ensemble,2021-11-06,NO,2,2021-11-20,0.1,61
Time series ensemble,2021-11-06,NO,2,2021-11-20,0.15,67
Time series ensemble,2021-11-06,NO,2,2021-11-20,0.2,72
Time series ensemble,2021-11-06,NO,2,2021-11-20,0.25,77
Time series ensemble,2021-11-06,NO,2,2021-11-20,0.3,80
Time series ensemble,2021-11-06,NO,2,2021-11-20,0.35,84
Time series ensemble,2021-11-06,NO,2,2021-11-20,0.4,87
Time series ensemble,2021-11-06,NO,2,2021-11-20,0.45,91
Time series ensemble,2021-11-06,NO,2,2021-11-20,0.5,94
Time series ensemble,2021-11-06,NO,2,2021-11-20,0.55,97
Time series ensemble,2021-11-06,NO,2,2021-11-20,0.6,100
Time series ensemble,2021-11-06,NO,2,2021-11-20,0.65,104
Time series ensemble,2021-11-06,NO,2,2021-11-20,0.7,107
Time series ensemble,2021-11-06,NO,2,2021-11-20,0.75,110
Time series ensemble,2021-11-06,NO,2,2021-11-20,0.8,115
Time series ensemble,2021-11-06,NO,2,2021-11-20,0.85,120
Time series ensemble,2021-11-06,NO,2,2021-11-20,0.9,126
Time series ensemble,2021-11-06,NO,2,2021-11-20,0.95,136
Time series ensemble,2021-11-06,NO,2,2021-11-20,0.975,144
Time series ensemble,2021-11-06,NO,2,2021-11-20,0.99,155
Time series ensemble,2021-11-06,NO,3,2021-11-27,0.01,25
Time series ensemble,2021-11-06,NO,3,2021-11-27,0.025,35
Time series ensemble,2021-11-06,NO,3,2021-11-27,0.05,47
Time series ensemble,2021-11-06,NO,3,2021-11-27,0.1,57
Time series ensemble,2021-11-06,NO,3,2021-11-27,0.15,65
Time series ensemble,2021-11-06,NO,3,2021-11-27,0.2,70
Time series ensemble,2021-11-06,NO,3,2021-11-27,0.25,75
Time series ensemble,2021-11-06,NO,3,2021-11-27,0.3,79
Time series ensemble,2021-11-06,NO,3,2021-11-27,0.35,83
Time series ensemble,2021-11-06,NO,3,2021-11-27,0.4,87
Time series ensemble,2021-11-06,NO,3,2021-11-27,0.45,90
Time series ensemble,2021-11-06,NO,3,2021-11-27,0.5,95
Time series ensemble,2021-11-06,NO,3,2021-11-27,0.55,99
Time series ensemble,2021-11-06,NO,3,2021-11-27,0.6,102
Time series ensemble,2021-11-06,NO,3,2021-11-27,0.65,105
Time series ensemble,2021-11-06,NO,3,2021-11-27,0.7,110
Time series ensemble,2021-11-06,NO,3,2021-11-27,0.75,114
Time series ensemble,2021-11-06,NO,3,2021-11-27,0.8,118
Time series ensemble,2021-11-06,NO,3,2021-11-27,0.85,124
Time series ensemble,2021-11-06,NO,3,2021-11-27,0.9,131
Time series ensemble,2021-11-06,NO,3,2021-11-27,0.95,144
Time series ensemble,2021-11-06,NO,3,2021-11-27,0.975,153
Time series ensemble,2021-11-06,NO,3,2021-11-27,0.99,160
Time series ensemble,2021-11-06,NO,4,2021-12-04,0.01,16
Time series ensemble,2021-11-06,NO,4,2021-12-04,0.025,27
Time series ensemble,2021-11-06,NO,4,2021-12-04,0.05,41
Time series ensemble,2021-11-06,NO,4,2021-12-04,0.1,51
Time series ensemble,2021-11-06,NO,4,2021-12-04,0.15,58
Time series ensemble,2021-11-06,NO,4,2021-12-04,0.2,65
Time series ensemble,2021-11-06,NO,4,2021-12-04,0.25,71
Time series ensemble,2021-11-06,NO,4,2021-12-04,0.3,75
Time series ensemble,2021-11-06,NO,4,2021-12-04,0.35,78
Time series ensemble,2021-11-06,NO,4,2021-12-04,0.4,82
Time series ensemble,2021-11-06,NO,4,2021-12-04,0.45,86
Time series ensemble,2021-11-06,NO,4,2021-12-04,0.5,90
Time series ensemble,2021-11-06,NO,4,2021-12-04,0.55,95
Time series ensemble,2021-11-06,NO,4,2021-12-04,0.6,100
Time series ensemble,2021-11-06,NO,4,2021-12-04,0.65,105
Time series ensemble,2021-11-06,NO,4,2021-12-04,0.7,111
Time series ensemble,2021-11-06,NO,4,2021-12-04,0.75,115
Time series ensemble,2021-11-06,NO,4,2021-12-04,0.8,120
Time series ensemble,2021-11-06,NO,4,2021-12-04,0.85,127
Time series ensemble,2021-11-06,NO,4,2021-12-04,0.9,135
Time series ensemble,2021-11-06,NO,4,2021-12-04,0.95,147
Time series ensemble,2021-11-06,NO,4,2021-12-04,0.975,159
Time series ensemble,2021-11-06,NO,4,2021-12-04,0.99,165
Time series ensemble,2021-11-06,SI,1,2021-11-13,0.01,277
Time series ensemble,2021-11-06,SI,1,2021-11-13,0.025,322
Time series ensemble,2021-11-06,SI,1,2021-11-13,0.05,349
Time series ensemble,2021-11-06,SI,1,2021-11-13,0.1,389
Time series ensemble,2021-11-06,SI,1,2021-11-13,0.15,413
Time series ensemble,2021-11-06,SI,1,2021-11-13,0.2,429
Time series ensemble,2021-11-06,SI,1,2021-11-13,0.25,443
Time series ensemble,2021-11-06,SI,1,2021-11-13,0.3,456
Time series ensemble,2021-11-06,SI,1,2021-11-13,0.35,469
Time series ensemble,2021-11-06,SI,1,2021-11-13,0.4,483
Time series ensemble,2021-11-06,SI,1,2021-11-13,0.45,493
Time series ensemble,2021-11-06,SI,1,2021-11-13,0.5,507
Time series ensemble,2021-11-06,SI,1,2021-11-13,0.55,517
Time series ensemble,2021-11-06,SI,1,2021-11-13,0.6,531
Time series ensemble,2021-11-06,SI,1,2021-11-13,0.65,544
Time series ensemble,2021-11-06,SI,1,2021-11-13,0.7,556
Time series ensemble,2021-11-06,SI,1,2021-11-13,0.75,572
Time series ensemble,2021-11-06,SI,1,2021-11-13,0.8,587
Time series ensemble,2021-11-06,SI,1,2021-11-13,0.85,601
Time series ensemble,2021-11-06,SI,1,2021-11-13,0.9,620
Time series ensemble,2021-11-06,SI,1,2021-11-13,0.95,651
Time series ensemble,2021-11-06,SI,1,2021-11-13,0.975,675
Time series ensemble,2021-11-06,SI,1,2021-11-13,0.99,701
Time series ensemble,2021-11-06,SI,2,2021-11-20,0.01,233
Time series ensemble,2021-11-06,SI,2,2021-11-20,0.025,254
Time series ensemble,2021-11-06,SI,2,2021-11-20,0.05,279
Time series ensemble,2021-11-06,SI,2,2021-11-20,0.1,331
Time series ensemble,2021-11-06,SI,2,2021-11-20,0.15,368
Time series ensemble,2021-11-06,SI,2,2021-11-20,0.2,393
Time series ensemble,2021-11-06,SI,2,2021-11-20,0.25,414
Time series ensemble,2021-11-06,SI,2,2021-11-20,0.3,433
Time series ensemble,2021-11-06,SI,2,2021-11-20,0.35,452
Time series ensemble,2021-11-06,SI,2,2021-11-20,0.4,468
Time series ensemble,2021-11-06,SI,2,2021-11-20,0.45,487
Time series ensemble,2021-11-06,SI,2,2021-11-20,0.5,501
Time series ensemble,2021-11-06,SI,2,2021-11-20,0.55,519
Time series ensemble,2021-11-06,SI,2,2021-11-20,0.6,536
Time series ensemble,2021-11-06,SI,2,2021-11-20,0.65,552
Time series ensemble,2021-11-06,SI,2,2021-11-20,0.7,567
Time series ensemble,2021-11-06,SI,2,2021-11-20,0.75,588
Time series ensemble,2021-11-06,SI,2,2021-11-20,0.8,609
Time series ensemble,2021-11-06,SI,2,2021-11-20,0.85,629
Time series ensemble,2021-11-06,SI,2,2021-11-20,0.9,667
Time series ensemble,2021-11-06,SI,2,2021-11-20,0.95,707
Time series ensemble,2021-11-06,SI,2,2021-11-20,0.975,763
Time series ensemble,2021-11-06,SI,2,2021-11-20,0.99,796
Time series ensemble,2021-11-06,SI,3,2021-11-27,0.01,149
Time series ensemble,2021-11-06,SI,3,2021-11-27,0.025,198
Time series ensemble,2021-11-06,SI,3,2021-11-27,0.05,254
Time series ensemble,2021-11-06,SI,3,2021-11-27,0.1,312
Time series ensemble,2021-11-06,SI,3,2021-11-27,0.15,344
Time series ensemble,2021-11-06,SI,3,2021-11-27,0.2,378
Time series ensemble,2021-11-06,SI,3,2021-11-27,0.25,402
Time series ensemble,2021-11-06,SI,3,2021-11-27,0.3,427
Time series ensemble,2021-11-06,SI,3,2021-11-27,0.35,449
Time series ensemble,2021-11-06,SI,3,2021-11-27,0.4,470
Time series ensemble,2021-11-06,SI,3,2021-11-27,0.45,493
Time series ensemble,2021-11-06,SI,3,2021-11-27,0.5,512
Time series ensemble,2021-11-06,SI,3,2021-11-27,0.55,529
Time series ensemble,2021-11-06,SI,3,2021-11-27,0.6,548
Time series ensemble,2021-11-06,SI,3,2021-11-27,0.65,570
Time series ensemble,2021-11-06,SI,3,2021-11-27,0.7,590
Time series ensemble,2021-11-06,SI,3,2021-11-27,0.75,610
Time series ensemble,2021-11-06,SI,3,2021-11-27,0.8,637
Time series ensemble,2021-11-06,SI,3,2021-11-27,0.85,665
Time series ensemble,2021-11-06,SI,3,2021-11-27,0.9,717
Time series ensemble,2021-11-06,SI,3,2021-11-27,0.95,772
Time series ensemble,2021-11-06,SI,3,2021-11-27,0.975,830
Time series ensemble,2021-11-06,SI,3,2021-11-27,0.99,881
Time series ensemble,2021-11-06,SI,4,2021-12-04,0.01,76
Time series ensemble,2021-11-06,SI,4,2021-12-04,0.025,147
Time series ensemble,2021-11-06,SI,4,2021-12-04,0.05,197
Time series ensemble,2021-11-06,SI,4,2021-12-04,0.1,252
Time series ensemble,2021-11-06,SI,4,2021-12-04,0.15,304
Time series ensemble,2021-11-06,SI,4,2021-12-04,0.2,345
Time series ensemble,2021-11-06,SI,4,2021-12-04,0.25,380
Time series ensemble,2021-11-06,SI,4,2021-12-04,0.3,403
Time series ensemble,2021-11-06,SI,4,2021-12-04,0.35,424
Time series ensemble,2021-11-06,SI,4,2021-12-04,0.4,449
Time series ensemble,2021-11-06,SI,4,2021-12-04,0.45,472
Time series ensemble,2021-11-06,SI,4,2021-12-04,0.5,493
Time series ensemble,2021-11-06,SI,4,2021-12-04,0.55,518
Time series ensemble,2021-11-06,SI,4,2021-12-04,0.6,543
Time series ensemble,2021-11-06,SI,4,2021-12-04,0.65,572
Time series ensemble,2021-11-06,SI,4,2021-12-04,0.7,604
Time series ensemble,2021-11-06,SI,4,2021-12-04,0.75,637
Time series ensemble,2021-11-06,SI,4,2021-12-04,0.8,666
Time series ensemble,2021-11-06,SI,4,2021-12-04,0.85,702
Time series ensemble,2021-11-06,SI,4,2021-12-04,0.9,751
Time series ensemble,2021-11-06,SI,4,2021-12-04,0.95,820
Time series ensemble,2021-11-06,SI,4,2021-12-04,0.975,875
Time series ensemble,2021-11-06,SI,4,2021-12-04,0.99,923
